序号，关键词，类别，搜索意图，优先级，月搜索量 (估),难度，备注
1,OpenClaw，核心品牌词，导航/品牌，P0,500-1000，低，核心品牌词
2,OpenClaw 是什么，核心品牌词，信息，P0,300-800，低，高转化
3,OpenClaw 官网，核心品牌词，导航，P0,200-500，低，核心入口
4,OpenClaw 下载，核心品牌词，交易，P0,200-400，低，高转化
5,OpenClaw 安装，核心品牌词，信息，P0,300-600，低，教程入口
6,OpenClaw 教程，核心品牌词，信息，P0,500-1000，中，核心内容
7,OpenClaw 文档，核心品牌词，导航，P1,100-300，低，技术用户
8,OpenClaw GitHub，核心品牌词，导航，P1,100-200，低，开发者
9,AI Agent 框架，功能特性词，信息，P0,2000-5000，高，大流量词
10，多 Agent 协作，功能特性词，信息，P0,800-1500，中，核心功能
11,AI 智能体开发，功能特性词，信息，P0,1000-3000，中，目标用户
12,Agent 编排工具，功能特性词，信息，P1,300-800，中，专业用户
13,AI 工作流自动化，功能特性词，信息，P1,500-1200，中，应用场景
14，智能体管理平台，功能特性词，信息，P1,400-900，中，企业用户
15,OpenClaw 技能开发，功能特性词，信息，P1,100-300，低，开发者内容
16,OpenClaw 配置教程，功能特性词，信息，P1,100-250，低，新手引导
17,OpenClaw 多 Agent，功能特性词，信息，P1,150-400，低，核心功能
18,OpenClaw 子 Agent，功能特性词，信息，P2,50-150，低，高级功能
19,OpenClaw 工具调用，功能特性词，信息，P2,50-120，低，技术细节
20,OpenClaw 记忆系统，功能特性词，信息，P2,80-200，低，差异化功能
21,OpenClaw 怎么用，教程指南词，信息，P1,200-500，低，新手问题
22,OpenClaw 入门教程，教程指南词，信息，P1,150-400，低，入门内容
23,OpenClaw 快速开始，教程指南词，信息，P1,100-300，低，快速上手
24,OpenClaw 技能创建，教程指南词，信息，P1,100-250，低，开发教程
25,OpenClaw 部署指南，教程指南词，信息，P2,80-200，低，部署文档
26,OpenClaw API 使用，教程指南词，信息，P2,60-150，低，开发者文档
27,OpenClaw 环境变量配置，教程指南词，信息，P2,30-80，低，配置教程
28,OpenClaw 模型配置，教程指南词，信息，P2,50-120，低，模型设置
29,OpenClaw 飞书集成，教程指南词，信息，P2,100-300，低，独家词重点
30,OpenClaw 钉钉集成，教程指南词，信息，P2,80-200，低，渠道集成
31,OpenClaw 微信集成，教程指南词，信息，P2,100-250，低，渠道集成
32,OpenClaw 自定义工具，教程指南词，信息，P2,50-150，低，扩展开发
33,OpenClaw 记忆管理，教程指南词，信息，P2,40-100，低，功能教程
34,OpenClaw 会话管理，教程指南词，信息，P2,40-100，低，功能教程
35,OpenClaw 定时任务，教程指南词，信息，P2,50-120，低，高级功能
36,OpenClaw vs LangChain，竞品对比词，商业调查，P1,100-300，中，竞品对比
37,OpenClaw vs AutoGen，竞品对比词，商业调查，P1,80-200，中，竞品对比
38,OpenClaw vs Dify，竞品对比词，商业调查，P1,150-400，中，重点 Dify 用户多
39,OpenClaw vs Coze，竞品对比词，商业调查，P1,100-250，中，竞品对比
40,OpenClaw 和 LangGraph 区别，竞品对比词，商业调查，P2,50-150，中，技术对比
41，类似 OpenClaw 的工具，竞品对比词，商业调查，P2,100-300，中，替代方案
42,OpenClaw 替代品，竞品对比词，商业调查，P2,80-200，中，替代方案
43,OpenClaw 收费吗，竞品对比词，商业调查，P1,150-400，低，价格敏感
44,OpenClaw 支持哪些模型，问题解答词，信息，P2,100-250，低，常见问题
45,OpenClaw 可以做什么，问题解答词，信息，P2,150-400，低，功能介绍
46,OpenClaw 适合谁用，问题解答词，信息，P2,80-200，低，目标用户
47,OpenClaw 有什么功能，问题解答词，信息，P2,100-300，低，功能列表
48,OpenClaw 如何更新，问题解答词，信息，P3,30-80，低，维护问题
49,OpenClaw 报错怎么办，问题解答词，信息，P3,50-150，低，问题排查
50,OpenClaw 如何调试，问题解答词，信息，P3,40-100，低，开发问题
51,OpenClaw 性能优化，问题解答词，信息，P3,30-80，低，高级优化
52,OpenClaw 安全吗，问题解答词，信息，P3,50-120，低，安全顾虑
53,OpenClaw 开源吗，问题解答词，信息，P3,60-150，低，开源许可
54,OpenClaw 安装教程 Windows，长尾词，信息，P2,80-200，低，系统特定
55,OpenClaw 安装教程 Mac，长尾词，信息，P2,100-250，低，系统特定重点
56,OpenClaw 安装教程 Linux，长尾词，信息，P2,60-150，低，系统特定
57,OpenClaw 技能开发示例，长尾词，信息，P2,80-200，低，代码示例
58,OpenClaw 多 Agent 配置案例，长尾词，信息，P3,50-120，低，实战案例
59,OpenClaw 飞书机器人配置，长尾词，信息，P3,60-150，低，独家渠道配置
60,OpenClaw 自动回复设置，长尾词，信息，P3,40-100，低，应用场景
61,OpenClaw 网页抓取教程，长尾词，信息，P3,50-120，低，功能教程
62,OpenClaw 数据分析 Agent，长尾词，信息，P3,40-100，低，应用场景
63,OpenClaw 内容创作 Agent，长尾词，信息，P3,50-150，低，应用场景
64,OpenClaw 客服机器人开发，长尾词，信息，P3,60-180，低，应用场景
65,OpenClaw 企业部署方案，长尾词，信息，P3,30-80，低，企业方案
